id,name,lat,lon,category
262728387,Interbank,-12.1040203,-77.0527368,bank
493061557,Sin nombre,-12.0767383,-77.0812786,parking
503673391,Angel,-12.0829411,-77.0670108,pharmacy
565876567,Clinica Santa Teresa,-12.104425,-77.0207286,clinic
565876693,Sin nombre,-12.1043038,-77.021175,pharmacy
565876836,Sin nombre,-12.1040662,-77.0212355,pharmacy
565876847,Sin nombre,-12.103954,-77.0212549,pharmacy
565876865,Sin nombre,-12.1037379,-77.0212598,pharmacy
565876867,Sin nombre,-12.1032401,-77.02133,pharmacy
598816212,Wong,-12.110017,-77.0363277,atm
598825401,Chifa,-12.1138226,-77.0373902,restaurant
606936930,Hogar de Cristo,-12.0873346,-77.08214,social_facility
606936954,Clinica San Judas Tadeo,-12.0799935,-77.0801214,clinic
607232671,BCP Maranga,-12.0776301,-77.0936896,bank
607232689,Albergue de Menores Maranguita,-12.0831508,-77.0999939,prison
638368249,Antigua Taberna Queirolo,-12.0775934,-77.0630716,bar
690018003,San Rafael,-12.0498694,-77.0613497,place_of_worship
748620707,InkaFarma,-12.1680526,-77.0253594,pharmacy
817079337,Botica Rocío,-11.9868382,-77.0137228,pharmacy
817079344,Boom Xtreme,-11.9896309,-77.0102716,nightclub
817079346,Norky's,-11.989725,-77.010319,restaurant
817316348,Instituto Sistemas UNI,-12.0175057,-77.0539375,school
817805406,Sin nombre,-12.0155894,-77.0503976,recycling
818651798,Sin nombre,-12.018035,-77.0509242,atm
818651799,Sin nombre,-12.016344,-77.050264,telephone
818651800,Sin nombre,-12.0155389,-77.0505063,toilets
818651805,Sin nombre,-12.0155361,-77.0501297,toilets
821641421,Repsol,-12.024955,-76.981882,fuel
827192137,Sin nombre,-12.0239046,-77.0487151,parking
827197795,Centro de Información FIIS,-12.0160608,-77.050567,library
827232279,Sin nombre,-12.017488,-77.0505793,telephone
827232280,Sin nombre,-12.0158818,-77.049504,telephone
827232282,Sin nombre,-12.0155833,-77.0504343,telephone
827241907,Sin nombre,-12.0175509,-77.0488734,telephone
827241908,Sin nombre,-12.0175667,-77.0491937,toilets
859799422,Posta Médica San Genaro,-12.1939408,-77.0209542,doctors
872037409,Sin nombre,-12.0527138,-77.095192,place_of_worship
896796267,Sin nombre,-12.0396988,-77.0900083,atm
896796305,Sin nombre,-12.0391702,-77.0907486,toilets
896796508,Sin nombre,-12.0393746,-77.0901037,telephone
896796514,Sin nombre,-12.0391311,-77.090545,toilets
898026892,Casa Yuyachakani,-12.0952395,-77.0731821,theatre
912330008,Sin nombre,-12.0150713,-77.0513373,restaurant
912330173,Sin nombre,-12.0150432,-77.0493483,restaurant
912330189,Fuente de soda Meche,-12.0149103,-77.0501759,restaurant
912330324,Sin nombre,-12.0151864,-77.0493573,restaurant
931520830,Centro Cultural de España,-12.0705485,-77.0373706,arts_centre
931754587,I.E. Cesar Vallejo,-11.9208276,-77.0873547,school
931755446,I.E. Inicial,-11.9214365,-77.0867968,school
959586057,Antigua Bodega Dalmacia,-12.1324083,-77.0265949,restaurant
959590205,El Pacifico,-12.1193415,-77.0295663,cinema
976541386,Sin nombre,-12.0806271,-77.0415985,parking
1079982059,McDonald's,-12.1194011,-77.029408,fast_food
1107576588,Cinestar Metro San Juan,-12.0060801,-77.0047883,cinema
1192970712,La 73 Paradero Gourmet,-12.1397022,-77.0232905,restaurant
1193558406,Canta Rana,-12.1467585,-77.0223185,restaurant
1193695413,El Muelle,-12.1471242,-77.0226622,restaurant
1249275029,Paradero del Transporte de la UNAC,-12.0614528,-77.1167462,bus_station
1258299118,Sin nombre,-11.9140782,-77.0385226,pharmacy
1273466292,Mis costillitas,-12.0790608,-77.0877914,restaurant
1273586626,Bembos,-12.078706,-77.0878707,fast_food
1273874150,Sin nombre,-12.1311747,-77.0312774,parking_entrance
1273982015,Mis costillitas,-12.0788309,-77.0876651,restaurant
1278915815,Real Bus,-12.0639467,-77.0328057,bus_station
1278915817,Estación Estadio Nacional,-12.0685302,-77.0321386,bus_station
1278915823,KFC,-12.0563742,-77.0373897,fast_food
1278915825,Sin nombre,-12.056938,-77.0377313,toilets
1301470754,Liceo Naval Contralmirante Lizardo Montero,-12.0631682,-77.0898647,school
1301470755,Alianza Cristiana y Misionera de Pueblo Libre,-12.0774568,-77.0562977,place_of_worship
1302229319,Banco Continental,-12.0762799,-76.9872512,bank
1302294151,Parroquia Nuestra Señora de la Esperanza,-12.0746877,-76.9847199,place_of_worship
1304828460,Sin nombre,-12.0732892,-76.9868851,school
1305070536,Colegio Santa Angela,-12.0800658,-76.9864318,school
1305070751,La Orejita,-12.0737972,-76.9881109,restaurant
1305792010,Sin nombre,-12.0807352,-76.982009,school
1306112767,Sin nombre,-12.0791016,-76.9817899,parking
1383604877,Cevichería Señor Limón,-12.0757605,-76.9640883,restaurant
1385874126,Institución educativa inicial Marie Poussepin,-11.985468,-77.1134979,kindergarten
1397830702,Sin nombre,-12.0534817,-77.0359509,parking
1397830703,Sin nombre,-12.055685,-77.036643,telephone
1397830710,Sin nombre,-12.0556063,-77.035664,telephone
1397830734,Sin nombre,-12.0555119,-77.0356559,telephone
1397830735,Sin nombre,-12.0522042,-77.0352107,telephone
1397830747,Sin nombre,-12.0524201,-77.0348334,telephone
1398991707,Arcangel,-12.0500144,-77.0340279,pharmacy
1398991709,Mifarma,-12.0501236,-77.034104,pharmacy
1398991712,BTL,-12.0502048,-77.0341644,pharmacy
1399479845,Barzela,-12.0511862,-77.0340707,bar
1399479846,El Bolivarcito,-12.0508253,-77.0350712,bar
1399479848,Union Central Lima,-12.052484,-77.0343858,pub
1399479849,Cosmos,-12.0512491,-77.0339741,bar
1403008338,Norky's,-12.0492583,-77.0337696,restaurant
1403008339,Scotiabank,-12.0491637,-77.0319843,bank
1403008341,Cine Excelsior,-12.0494322,-77.0338878,cinema
1403008343,Interbank,-12.0474512,-77.0324386,bank
1403008344,UVK Multicines,-12.050696,-77.0348874,cinema
1403008345,Sin nombre,-12.0469951,-77.0319021,pharmacy
1403008351,Inkafarma,-12.047741,-77.0324753,pharmacy
1418820348,Estación Quilca,-12.0522011,-77.0422599,bus_station
1418822748,Estación 2 de Mayo,-12.0456652,-77.0428116,bus_station
1418822755,Estación Jirón de la Unión hacia el Norte,-12.0492947,-77.0327708,bus_station
1418822756,Ramón Castilla,-12.04361,-77.0421035,bus_station
1418823155,Estación Central,-12.0577299,-77.0359791,bus_station
1418824475,Estación Canadá,-12.0824136,-77.0265799,bus_station
1418824477,Estación México,-12.0761016,-77.0292237,bus_station
1418824478,Estación Javier Prado,-12.0893542,-77.0235184,bus_station
1418826159,Estación Bulevar,-12.1484921,-77.0201384,bus_station
1418826163,Estación Escuela Militar,-12.1597668,-77.0189703,bus_station
1418826169,Estación Estadio Unión,-12.1529607,-77.0196944,bus_station
1418826350,Estación Terán,-12.1686435,-77.0186235,bus_station
1418826351,Estación Rosario de Villa,-12.1730247,-77.0151099,bus_station
1418826600,Estación El Milagro,-12.0112957,-77.0529446,bus_station
1418826601,Estación Tomas Valle,-12.0065285,-77.0539793,bus_station
1418826603,Estación Independencia,-11.9987456,-77.0552032,bus_station
1418826604,Estación Caquetá,-12.0365329,-77.0436359,bus_station
1418826605,Estación Honorio Delgado,-12.0174523,-77.0515435,bus_station
1418826608,Estación Los Jazmines,-12.0018372,-77.0548151,bus_station
1418826609,Estación UNI,-12.0240526,-77.0491082,bus_station
1418826610,Estación Parque del Trabajo,-12.0295698,-77.0442306,bus_station
1423838112,4D,-12.0982713,-77.0556428,ice_cream
1423838237,BanBif,-12.0982763,-77.0554896,bank
1424966578,BTL,-12.093552,-77.05765,pharmacy
1425922070,Municipalidad de Magdalena del Mar,-12.0916342,-77.0670845,townhall
1425981816,Starbucks,-12.0977657,-77.048389,cafe
1426555656,Sin nombre,-12.030909,-77.04219,fuel
1426556359,Sin nombre,-12.019761,-77.048448,restaurant
1426556917,Sin nombre,-12.021605,-77.0485233,restaurant
1426557112,KFC,-12.023917,-77.05046,fast_food
1426557430,Institución Educativa Santa Ana De Ingenieria,-12.0247279,-77.0505659,school
1426619963,BBVA,-12.027911,-77.057493,bank
1426624433,Bembos,-12.0903324,-77.004859,fast_food
1426631310,Starbucks,-12.0940594,-77.0248649,cafe
1426834405,BCP Pardo y Aliaga,-12.1065672,-77.0391485,bank
1426835752,San Antonio,-12.110925,-77.042928,cafe
1427327355,La Lucha Sangucheria,-12.1207589,-77.0302869,fast_food
1427327606,Starbucks,-12.1209026,-77.0303881,cafe
1427329446,Bembos,-12.1219344,-77.0289286,fast_food
1427334133,Interbank,-12.1104707,-77.0363375,bank
1427338968,Ban Bif,-12.105904,-77.040433,bank
1427340229,Interbank,-12.106475,-77.038492,bank
1427345466,KFC,-12.1032157,-77.0517325,fast_food
1427345997,Medalla Milagrosa,-12.101985,-77.05512,place_of_worship
1427349760,IEIP Madre Enriqueta Vicens,-12.094089,-77.059542,kindergarten
1427358528,Jose Antonio,-12.0971335,-77.0587922,restaurant
1427531000,Sin nombre,-12.0222699,-77.047772,dojo
1427531076,Sin nombre,-12.021895,-77.0476493,dojo
1427531082,Sin nombre,-12.0199202,-77.0480192,parking
1427626623,BCP,-12.1067776,-77.0399481,bank
1427755292,Sin nombre,-12.021279,-77.0475025,restaurant
1427755293,Sin nombre,-12.0226076,-77.0471142,parking
1428403902,Edo Sushi Bar,-12.0971887,-77.0598728,restaurant
1428449230,Cinemark,-12.0849103,-76.9757476,cinema
1429498462,Mifarma,-12.1027276,-77.0539152,pharmacy
1429499893,Fasa,-12.103017,-77.052239,pharmacy
1429500477,BBVA,-12.103064,-77.052051,bank
1429503107,Interbank,-12.093382,-77.058073,bank
1429504073,Haiti,-12.1197949,-77.0295882,restaurant
1429504140,Scotiabank,-12.1200842,-77.0298172,bank
1429504323,La Tiendecita Blanca,-12.1194195,-77.0287035,restaurant
1429506834,Inkafarma,-12.1029599,-77.0585812,pharmacy
1429969347,Starbucks,-12.092943,-77.047343,cafe
1431212641,Mavery,-12.1181878,-77.0433679,restaurant
1431533959,BTL,-12.0916614,-77.0540635,pharmacy
1431533961,Boticas Arcángel,-12.0926926,-77.0534833,pharmacy
1431533962,BBVA,-12.1070459,-77.0369844,bank
1431652198,Sin nombre,-12.0964542,-77.0266126,fountain
1431652224,Sin nombre,-12.0983489,-77.0292691,fountain
1431652367,Sin nombre,-12.1189637,-77.0427768,fountain
1435192552,Brujas de Cachiche,-12.122861,-77.0360851,restaurant
1451644672,Sin nombre,-12.061329,-77.0883909,parking_entrance
1451726554,Sin nombre,-12.0572413,-77.0806983,telephone
1451726617,Sin nombre,-12.0595795,-77.082983,bench
1451726620,Sin nombre,-12.0596593,-77.0833257,bench
1452866600,Sin nombre,-12.0658982,-77.12028,toilets
1452866605,Violeta,-12.0718522,-77.1198187,pharmacy
1452866618,Institución Educativa 5027 Arturo Timoran De La H.,-12.0729662,-77.1202009,school
1453498282,Yin Yin,-12.0396193,-77.0913849,restaurant
1459528357,Santo Cristo,-12.0449881,-77.0122172,place_of_worship
1468861087,Sin nombre,-12.0392195,-77.091164,bench
1468861098,Sin nombre,-12.0393198,-77.091122,bench
1468861102,Sin nombre,-12.0394201,-77.0910801,bench
1468861113,Sin nombre,-12.0395158,-77.0910439,bench
1528651344,Sin nombre,-12.0573504,-77.0430918,telephone
1545385601,Chifa Jin,-12.1193669,-77.0406053,restaurant
1546270210,Don Belisario,-12.121989,-77.0289318,restaurant
1546270221,El Patio de Mendiburu,-12.1134655,-77.0469932,restaurant
1546270232,Popeyes,-12.1220362,-77.0289357,fast_food
1546270253,The Old Pub,-12.1216472,-77.0318899,pub
1546270256,Palachinke,-12.1226497,-77.031286,restaurant
1570261142,Carmen de la Legua,-12.0392474,-77.0900547,pharmacy
1576828429,Colegio Santa Felicia,-12.0629175,-76.9550332,school
1576883151,Scotiabank,-12.0683419,-76.9585561,bank
1576883165,Banco Continental,-12.0689749,-76.958253,bank
1576883167,BCP,-12.0683119,-76.9584867,bank
1578254426,Sky,-12.0577692,-77.0786391,bar
1588684999,Terpel,-12.0421685,-77.0772676,fuel
1598328624,BCP,-12.1120132,-76.9909475,bank
1598328629,Banco Pichincha,-12.1123326,-76.9911192,bank
1598328641,Interbank,-12.1123856,-76.9914946,bank
1598328650,BanBIF,-12.1120447,-76.9912317,bank
1599033992,BBVA,-12.1117195,-76.9906579,bank
1600798428,Municipalidad de Santiago de Surco,-12.1451534,-77.0050318,townhall
1606662338,Scotiabank,-12.1142676,-76.9911303,bank
1639104065,Sanctuario de Nuestra Señora del Sagrado Corazon,-12.0847193,-77.0443942,place_of_worship
1654432957,Polleria Roky's,-12.1458457,-76.988656,restaurant
1658531534,Sin nombre,-12.0779987,-77.0228566,clinic
1668189339,D'nnos Pizza,-12.093954,-77.057591,fast_food
1668205361,Elia,-12.090518,-77.064758,restaurant
1669641512,Cafe cafe,-12.1205272,-77.0303335,cafe
1673631985,Estación Primavera,-12.1115086,-76.9999565,bicycle_parking
1673638529,Sin nombre,-12.1010913,-77.0020213,bicycle_parking
1673638646,Sin nombre,-12.0890907,-77.0078627,bicycle_parking
1673643623,Sin nombre,-12.1002718,-76.9948882,bicycle_parking
1673643624,Sin nombre,-12.1031653,-76.9803613,bicycle_parking
1684807492,Centro Cultural Ricardo Palma,-12.1254812,-77.0297335,arts_centre
1689119936,Sin nombre,-12.1022642,-77.0229184,telephone
1689177442,La Veranda,-12.1020195,-77.0153218,restaurant
1689177444,Starbucks,-12.101805,-77.0162673,cafe
1689204341,Sin nombre,-12.0977655,-77.0124085,telephone
1689204371,Sin nombre,-12.0977796,-77.0123106,telephone
1689573879,Repsol,-12.0298503,-76.999074,fuel
1689573907,Repsol,-12.0428668,-77.0773479,fuel
1689573932,Antiguo Repsol,-12.0449792,-77.0615935,fuel
1689574025,Repsol,-12.055584,-77.0527239,fuel
1689574129,Repsol,-12.0711132,-77.0020382,fuel
1689574159,Repsol,-12.075461,-76.9551557,fuel
1689574222,Repsol,-12.0824123,-77.0277149,fuel
1714719040,Collectivo,-12.1107521,-76.9777691,taxi
1738793157,Sin nombre,-12.0388897,-77.0913504,bench
1738793158,Sin nombre,-12.0390031,-77.0913004,bench
1740137143,Entre Copas,-12.1235762,-77.0361821,bar
1755801996,Institución educativa inicial 316 San Felipe,-11.9005141,-77.0400488,kindergarten
1787687933,Sin nombre,-12.0499169,-77.036159,parking
1787702224,Sin nombre,-12.048469,-77.0366686,parking
1787721269,Sin nombre,-12.0522613,-77.035798,parking
1787740077,Sin nombre,-12.050168,-77.0384372,parking
1790690605,Pizza Hut,-12.1299062,-76.9830927,restaurant
1790690606,Mifarma,-12.1328643,-76.9832416,pharmacy
1800698873,Boticas y Salud,-12.1296603,-76.9815569,pharmacy
1844110800,Escuela de cocina Le Montmartre,-11.9867479,-77.0037833,college
1844751684,Dedalo,-12.1436943,-77.023911,arts_centre
1844751686,Antica,-12.1469241,-77.0226479,restaurant
1844751688,Mocha Graña,-12.1435076,-77.0223266,theatre
1846293178,Inkafarma,-11.998244,-77.1116988,pharmacy
1846293179,Inkafarma,-12.0279903,-77.0946063,pharmacy
1846293181,Inkafarma,-12.0559967,-77.1016421,pharmacy
1846293182,Botica - Perfumeria InKafarma,-12.0601779,-77.1317314,pharmacy
1846293183,Botica - Perfumeria InKafarma,-12.0602469,-77.1389579,pharmacy
1846293184,Botica - Perfumeria Inkafarma,-12.0609508,-77.1417256,pharmacy
1846293190,Boticas BTL,-12.0561051,-77.1015127,pharmacy
1846293191,Mifarma,-12.0601958,-77.1385294,pharmacy
1846293194,Boticas Fasa,-12.0607281,-77.1419808,pharmacy
1846293196,Boticas Perú,-12.0610031,-77.1421371,pharmacy
1846293197,Botica Yogo,-12.0431313,-77.0983504,pharmacy
1846293199,McDonald's,-12.0483223,-77.1116257,fast_food
1846293200,Cadena Peruana Boticas & Salud,-12.0603355,-77.1378032,pharmacy
1846293203,Cadena de Boticas Arcangel,-12.0472978,-77.1116056,pharmacy
1846293205,Cadena de Boticas Arcangel,-12.060495,-77.1388087,pharmacy
1846293206,Cadena de Boticas Arcángel,-12.0608244,-77.1427691,pharmacy
1846293208,KFC,-12.0481077,-77.1119513,fast_food
1846293209,Mifarma,-12.0627933,-77.1293133,pharmacy
1846293210,Farmacia Inti S.A.C.,-12.0562947,-77.0972495,pharmacy
1846293211,Farmaperu,-12.0624693,-77.1393072,pharmacy
1846294770,Centro de Desarrollo Juvenil del Callao,-12.0230841,-77.1341284,doctors
1846294772,Centro de Salud 200 Millas,-11.9952627,-77.1247257,doctors
1846294774,Centro de Salud Aeropuerto,-12.0334638,-77.0989067,doctors
1846294775,Centro de Salud Alberto Barton,-12.0538675,-77.1387556,doctors
1846294780,Centro de Salud Bocanegra,-12.0239998,-77.0961029,doctors
1846294785,Centro de Salud El alamo,-12.0020367,-77.1071259,doctors
1846294788,Centro de Salud Gambetta Baja,-12.041707,-77.1155342,doctors
1846294790,Centro de Salud Jose Boterin,-12.0531202,-77.1197461,doctors
1846294791,Centro de Salud Jose Olaya,-12.0431418,-77.1045341,doctors
1846294801,Centro de Salud PREVI,-12.0166878,-77.090671,doctors
1846294802,Centro de Salud Palmeras de Oquendo,-11.9736764,-77.1207991,doctors
1846294804,Centro de Salud Puerto Nuevo,-12.0463928,-77.1371002,doctors
1846294805,Centro de Salud Ramon Castilla,-12.0409445,-77.1223008,doctors
1846294806,Centro de Salud San Juan Bosco,-12.0486173,-77.1329679,doctors
1846294812,Centro de Salud Ventanilla Baja,-11.936859,-77.1323665,doctors
1846294816,Direccion de Sanidad Aerea Internacional,-12.0220294,-77.1088392,doctors
1846294819,Puesto de Salud Poligono IV,-12.0250145,-77.1009857,doctors
1846296869,Clinica Santisima Virgen del Rosario,-12.0183988,-77.097839,clinic
1846296874,Policlinico PNP Callao,-12.0722617,-77.1244322,doctors
1846296876,Policlinico Vipol PNP,-12.0121464,-77.0978673,doctors
1846311399,Courier del Perú - SMP,-12.0543484,-77.1006088,post_office
1846360915,Pecsa,-12.0644697,-77.1123385,fuel
1846360949,Establecimientos Anexos a la Empresa Repsol YPF,-12.0642873,-77.1448197,fuel
1846360974,Estacion de Servicio La Perla - PRIMAX,-12.0758482,-77.1147323,fuel
1846360977,Primax,-12.0308282,-77.0952039,fuel
1846376268,Oficina DHL Minka,-12.0489312,-77.1102051,post_office
1846376272,Oficina DHL Saenz Pena,-12.0602599,-77.1370756,post_office
1846376276,Oficina Olva Callao,-12.0560936,-77.132391,post_office
1846376281,Oficina Olva Vipol,-12.0107621,-77.0971202,post_office
1846376285,Oficina SERPOST S.A. - Rep Comercial,-12.0599377,-77.137308,post_office
1846376289,Oficina SERPOST S.A.- Bellavista - Rep Comercial,-12.0536349,-77.0966558,post_office
1846376291,Oficina SERPOST S.A.- Bellavista - Rep Comercial,-12.0543703,-77.1001597,post_office
1846376295,Oficina SERPOST S.A.- Bellavista - Rep Comercial,-12.0588272,-77.1077861,post_office
1846376298,Serpost,-12.0614192,-77.1444887,post_office
1846376302,Oficina SERPOST S.A.- Rep Comercial,-12.0615538,-77.1430983,post_office
1846376310,Oficina SERPOST S.A..- Callao - Rep Comercial,-12.0121907,-77.1026093,post_office
1846376315,Oficina SERPOST S.A..- Callao - Rep Comercial,-12.0144555,-77.0998638,post_office
1846376325,Serpost,-12.0223322,-77.1085186,post_office
1846376329,Oficina SERPOST S.A..- Callao - Sucursal,-12.0602584,-77.1372016,post_office
1846396602,Cooperativa de Servicios Especiales Cecilia Tupac Amaru,-12.0384365,-77.0828555,marketplace
1846396634,Mercado Cooperativo Reynoso,-12.042212,-77.0961216,marketplace
1846396635,Mercado Dulanto,-12.0439989,-77.1029591,marketplace
1846396636,Mercado El Alamo,-12.0014704,-77.1072065,marketplace
1846396638,Ovalo Centenario (Callao),-12.0509719,-77.1346653,marketplace
1846396639,Mercado Jose Olaya,-12.0593535,-77.105516,marketplace
1846396643,Mercado Modelo 200 Millas,-11.9975718,-77.12363,marketplace
1846396655,Mercado Popular San Jose,-12.0562952,-77.0960863,marketplace
1846396661,Mercado San Pedro,-12.0595437,-77.1073123,marketplace
1846396663,Paradero linea 129,-12.0240272,-77.1336786,bus_station
1846396670,Mercado Virgen del Rosario,-12.0436046,-77.1026878,marketplace
1846411769,BBVA,-11.9968275,-77.124253,bank
1846411770,BBVA Perú,-11.9982323,-77.1129571,bank
1846411771,Banco Continental,-12.0028802,-77.1289007,bank
1846411773,BBVA Perú,-12.028548,-77.1031829,bank
1846411774,Banco Continental,-12.0376617,-77.1372675,bank
1846411775,BBVA Perú,-12.0482432,-77.1415624,bank
1846411776,Banco Continental Minka,-12.0482116,-77.1106205,bank
1846411777,Banco Continental,-12.049507,-77.1184094,bank
1846411779,BBVA La Perla,-12.060048,-77.1379535,bank
1846411781,Citibank,-12.0288234,-77.1030596,bank
1846411782,Banco Continental,-11.920323,-77.1298994,bank
1846411783,BBVA Perú,-12.0534849,-77.0959032,bank
1846411784,Banco Continental,-12.0563178,-77.1008699,bank
1846411786,Banco Pichincha,-12.0508528,-77.1409588,bank
1846411788,Banco Pichincha,-12.0610538,-77.1444167,bank
1846411791,Interbank,-11.996899,-77.1241881,bank
1846411792,Banque centre comercial,-11.9982664,-77.1129007,bank
1846411794,Interbank,-12.0229162,-77.1085881,bank
1846411795,Interbank,-12.0242311,-77.1042919,bank
1846411796,Interbank,-12.0289913,-77.102963,bank
1846411797,Mibanco,-12.0485992,-77.11021,bank
1846411809,Interbank,-12.0563627,-77.1010721,bank
1846411813,Banco Interbank MM Vea Saenz Peña,-12.0599418,-77.1317717,bank
1846411818,Interbank,-12.0610865,-77.1427318,bank
1846411819,Scotiabank,-11.920482,-77.1300018,bank
1846411821,Scotiabank,-12.0290464,-77.1029254,bank
1846411837,Scotiabank Oficina Especial Petroperú,-12.0395566,-77.1272761,bank
1846411842,Scotiabank,-12.0509267,-77.1407841,bank
1846411844,Scotiabank,-12.0509517,-77.0852588,bank
1846411867,Interbank,-12.023309,-77.1045507,bank
1846411869,Interbank,-12.061073,-77.1426877,bank
1846411888,Banco de Crédito,-11.9204893,-77.1298669,bank
1846411893,BCP,-11.9967714,-77.1243242,bank
1846411896,BCP,-12.0234747,-77.104486,bank
1846411898,Banco de Crédito,-12.0271116,-77.1001411,bank
1846411917,BCP,-12.0283093,-77.103317,bank
1846411919,BCP Minka,-12.0481908,-77.1100259,bank
1846411920,BCP,-12.0508728,-77.1408662,bank
1846411923,BCP,-12.0563356,-77.1009554,bank
1846411942,BBVA La Perla,-12.0599451,-77.1350996,bank
1846411945,Banco de Crédito,-12.0607012,-77.1401186,bank
1846411971,Banco de la Nación Base Naval,-12.0382522,-77.1371104,bank
1846411975,Banco de la Nación,-12.0491876,-77.1105568,bank
1846411979,Banco de la Nación,-12.0567129,-77.1427107,bank
1846411996,Banco de la Nación,-12.066538,-77.1193656,bank
1846412000,Banco de la Nación,-12.0703679,-77.1068257,bank
1846433077,Ah - Gusto,-12.0679347,-77.1198649,restaurant
1846433078,Bembos,-12.05632,-77.1021261,fast_food
1846433079,Bembos Minka,-12.0482392,-77.1111656,fast_food
1846433080,Bembos Plaza Vea Callao,-12.0603746,-77.1316966,fast_food
1846433085,Chau S.R.L,-12.0604886,-77.13831,restaurant
1846433086,Chelos,-12.0560526,-77.0958802,restaurant
1846433088,Crissolito,-12.0214069,-77.10014,restaurant
1846433090,Domino's Pizza Minka,-12.0480257,-77.1114487,fast_food
1846433093,Pizza Hut,-12.0503339,-77.0986436,restaurant
1846433094,Polleria Norky's,-11.9980565,-77.1131448,restaurant
1846433095,Polleria Norky's,-12.0477754,-77.1114912,restaurant
1846433096,Polleria Norky's,-12.0553064,-77.1023516,restaurant
1846433099,Papa John's,-12.0551176,-77.1024112,fast_food
1846433100,Polleria Rocky's,-12.0560708,-77.0975279,restaurant
1846433101,Polleria Rocky's,-12.0594702,-77.1334922,restaurant
1846433102,Polleria Rocky's,-12.0603417,-77.1395008,restaurant
1846433108,Restaurant Francesco,-12.0582637,-77.1305632,restaurant
1846433110,Restaurant La Aldea,-12.0557728,-77.0941966,restaurant
1846433113,Restaurant Picanteria el Tronco,-12.0598829,-77.1364237,restaurant
1846433114,Restaurant Requena,-12.0557867,-77.1049821,restaurant
1846433115,Restaurant Rosalia,-12.0552861,-77.1354913,restaurant
1846433116,Restaurant Rosita,-12.0554136,-77.1047431,restaurant
1846433118,Restaurant Wan Wha,-12.0543652,-77.0973572,restaurant
1846433120,Restaurante - Cevicheria La Terraza,-12.0625649,-77.1369275,restaurant
1846433121,Restaurante El Rincon del Ronco,-12.06926,-77.1105024,restaurant
1846433126,Restaurante Rocoto y Limon,-12.0555387,-77.102209,restaurant
1846433129,Restaurante Sabor Tumbesino,-12.0564848,-77.1110807,restaurant
1846433130,Restaurante Salon Rosita,-12.0566747,-77.1104426,restaurant
1847664097,Serenazgo de Carmen de la Legua Reynoso,-12.0450125,-77.0983699,police
1847664099,Serenazgo de La Perla,-12.0657022,-77.1079799,police
1847677433,Instituto Tecnológico Pesquero del Perú -ITP,-11.9893824,-77.1276441,college
1847686641,DEMUNA Callao II,-12.012646,-77.100284,police
1847686663,Hogar San Antonio,-12.0590262,-77.099981,social_facility
1847690281,Municipalidad Distrital La Perla,-12.0656648,-77.1082026,townhall
1847690284,Municipalidad Distrital de Bellavista,-12.0626207,-77.129239,townhall
1855116268,Delifrance,-12.1446725,-77.0219943,restaurant
1855119105,Starbucks,-12.1495893,-77.0217489,cafe
1863374447,Banco de la Nación,-11.949676,-77.049415,bank
1863374452,Banco de la Nación,-11.950977,-77.050788,bank
1863374473,Banco de la Nación,-11.9966305,-77.0626205,bank
1863374475,Banco de la Nación,-12.0066253,-77.0606123,bank
1863374482,Banco de la Nación,-12.027054,-77.0075,bank
1863374490,Banco de la Nación,-12.0279738,-77.0573201,bank
1863374494,Banco de la Nación Rimac,-12.029048,-77.035328,bank
1863374495,Banco de la Nación San Martín de Porres,-12.0326829,-77.0591977,bank
1863374496,Banco de la Nación,-12.04464,-77.030788,bank
1863374508,Multired,-12.0490755,-77.0555589,atm
1863374517,Banco de la Nación,-12.0538766,-77.0372705,bank
1863374532,Banco de la Nación,-12.057297,-77.0374871,bank
1863374533,Banco de la Nación,-12.05784,-77.060241,bank
1863374534,Banco de la Nación,-12.058018,-77.044544,bank
1863374545,Banco de la Nación,-12.0600821,-76.9515292,bank
1863374546,Banco de la Nación,-12.0614011,-77.0173384,bank
1863374547,Banco de la Nación 28 de Julio,-12.064214,-77.0360768,bank
1863374548,Banco de la Nación,-12.0644612,-77.0405631,bank
1863374551,Banco de la Nación,-12.0648755,-77.0288377,bank
1863374556,Banco de la Nación,-12.0663437,-77.0502479,bank
1863374560,Banco de la Nación,-12.067038,-77.0160301,bank
1863374564,Banco de la Nación,-12.0691774,-76.957528,bank
1863374569,Banco de la Nación,-12.0739331,-77.0486323,bank
1863374572,Banco de la Nación,-12.0736876,-77.0388046,bank
1863374586,Banco de la Nación,-12.0802813,-77.0129975,bank
1863374591,Banco de la Nación,-12.082449,-77.035805,bank
1863374623,Banco de la Nación,-12.089293,-77.072632,bank
1863374628,Banco de la Nación,-12.0930391,-77.0334285,bank
1863374633,Banco de la Nación,-12.0957199,-77.0593297,bank
1863374639,Banco de la Nación,-12.0965386,-77.0278828,bank
1863374666,Banco de la Nación,-12.097696,-77.017261,bank
1863374668,Banco de la Nación,-12.0984336,-77.0144391,bank
1863374670,Banco de la Nación,-12.1003441,-76.9885668,bank
1863374701,Banco de la Nación,-12.120817,-76.977274,bank
1863374753,Banco de la Nación,-12.1528052,-77.0032961,bank
1865052985,Botica Moderna,-12.0395782,-77.0911532,pharmacy
1865052992,Farmacia Llacsalud,-12.0399869,-77.0924569,pharmacy
1865052996,Patitas,-12.0402529,-77.0936504,veterinary
1877149328,Sin nombre,-12.042517,-77.0857306,toilets
1884943707,Sin nombre,-12.0214893,-77.0546957,pharmacy
1904507986,Policlínico Pronto Salud Solidario,-12.0673621,-77.0289198,clinic
1904508029,Policlinico Solidario San Juan de Miraflores,-12.1614071,-76.9733039,clinic
1907361915,CEBA David Wechsler,-12.0455,-77.03942,school
1907379832,CETPRO Nueva América,-12.04687,-77.04239,college
1907381914,CETPRO CREATEC,-12.0598,-77.03926,college
1907390350,CETPRO Honorio Delgado Espinoza,-12.077629,-77.0362403,college
1907974277,CETPRO Miguel Grau,-12.02308,-77.1379,college
1907990346,Educación Magisterial Paulo VI,-12.0526518,-77.1300771,college
1908558295,CETPRO Virgen de Guadalupe,-12.0106383,-77.0945939,college
1917943791,Boticas y Salud,-12.0970945,-77.0129735,pharmacy
1917946799,Sin nombre,-12.0975062,-77.0130164,atm
1917955126,BCP Torrr Siglo XXI,-12.0960111,-77.0222799,bank
1917955829,Citibank,-12.0975093,-77.0208045,bank
1917958569,Boticas Mifarma,-12.0967601,-77.0233281,pharmacy
1917959961,Interbank,-12.0967558,-77.0233755,bank
1917959962,BBVA,-12.0967379,-77.023513,bank
1917980638,BBVA,-12.0068798,-77.0602179,bank
1917980639,BCP,-12.0069872,-77.0600106,bank
1917986226,BBVA Continental,-11.9945134,-77.0624838,bank
1917986229,BCP,-11.9946498,-77.062403,bank
1917986235,Cinemark,-11.9931201,-77.0612787,cinema
1917986238,Interbank,-11.994398,-77.0625532,bank
1917986270,Scotiabank,-11.9949542,-77.0623566,bank
1918004231,MiBanco,-11.9944345,-77.0640921,bank
1918007753,KFC,-11.9960376,-77.0624237,fast_food
1918008364,Pizza Hut,-11.9932827,-77.0629763,restaurant
1918015075,BCP,-11.9942404,-77.0593714,bank
1918015082,Interbank,-11.9945211,-77.059299,atm
1918015086,BBVA Continental,-11.9943794,-77.0593419,bank
1918018745,Megaplaza,-11.9945919,-77.0631184,taxi
1918035978,Rústica,-11.9900777,-77.0619728,restaurant
1918035980,BCP,-11.9900234,-77.0620363,bank
1918035983,Cineplanet,-11.9907465,-77.0625031,cinema
1918035989,Sin nombre,-11.9880563,-77.0627402,atm
1921401087,Sin nombre,-12.0888159,-77.0275443,restaurant
1921401337,Gusto & Punto,-12.0884367,-77.0264184,restaurant
1921401338,Sin nombre,-12.0887203,-77.0268581,restaurant
1921401960,Sin nombre,-12.089477,-77.0262971,cafe
1921402348,Sin nombre,-12.0875243,-77.0296771,veterinary
1922742272,San Borja en bici,-12.0893974,-77.005682,bicycle_rental
1922785513,El Cangrejo Reventado,-12.0895837,-77.0271005,restaurant
1922787042,Los Piuranos,-12.0897136,-77.0285299,restaurant
1922791447,Chifa Hotel,-12.0897828,-77.0262077,restaurant
1922791450,BBVA,-12.0905362,-77.0269822,bank
1922792722,Polleria Villa Chicken,-12.0907743,-77.026948,restaurant
1922794869,Sin nombre,-12.0892688,-77.027479,restaurant
1922933451,Burger King,-12.119947,-77.0288493,fast_food
1922933460,Pizza Hut,-12.1199146,-77.0288493,restaurant
1922933475,Sin nombre,-12.1223605,-77.0359459,parking
1924741786,Sin nombre,-12.089629,-77.0241596,restaurant
1930848620,La Casona Café Restaurant,-12.0550889,-77.0319123,cafe
1932068328,Museo de la Inmigración Japonesa,-12.0876959,-77.0548991,museum
1933411631,Mifarma,-12.1188575,-77.0349301,pharmacy
1938226094,Discoteca Banana,-12.0307572,-77.0112891,nightclub
1938226096,Status Karaoke,-12.0310215,-77.011369,nightclub
1938227515,Sin nombre,-12.0205841,-77.0002068,fuel
1943009024,D'Julia,-12.0893079,-77.0697404,restaurant
1943025662,América Salud,-12.0913769,-77.0645055,pharmacy
1943028840,Inkafarma,-12.0894476,-77.0659655,pharmacy
1943034723,Institución Educativa Reina Del Carmelo,-12.0881595,-77.0620646,school
1943073179,Roky's,-12.0925783,-77.0730625,restaurant
1943443522,Sin nombre,-12.0719999,-77.0810447,drinking_water
1943443569,Sin nombre,-12.0713415,-77.0805297,toilets
1943443616,Sin nombre,-12.0718635,-77.0815356,vending_machine
1943443627,Sin nombre,-12.0713547,-77.0806746,fast_food
1943471928,Sin nombre,-12.0692275,-77.0802803,toilets
1943471935,Sin nombre,-12.0691173,-77.0799236,toilets
1943482183,Comedor de Arte,-12.0703723,-77.0795643,restaurant
1943486014,Sin nombre,-12.0725586,-77.0793228,toilets
1943486020,Sin nombre,-12.0723514,-77.0815356,toilets
1943486021,Centro Médico PUCP,-12.0698105,-77.0793665,clinic
1943486022,Tesorería Central,-12.0695449,-77.07954,bank
1943486023,Sin nombre,-12.071895,-77.0802964,drinking_water
1943486025,Sin nombre,-12.0705048,-77.0814632,toilets
1943486026,Sin nombre,-12.0697678,-77.0793844,toilets
1943486028,Sin nombre,-12.0707186,-77.0795159,toilets
1943486029,Sin nombre,-12.0710163,-77.0813612,toilets
1943486031,Sin nombre,-12.0711867,-77.0795706,toilets
1943486033,Sin nombre,-12.0711862,-77.0789694,toilets
1943486034,Sin nombre,-12.0702294,-77.0794583,toilets
1943501813,Boticas y Salud,-12.0895166,-77.0660339,pharmacy
1943506738,Sin nombre,-12.0695137,-77.0796776,telephone
1949862585,La Posada del Mirador,-12.1495453,-77.0234137,pub
1955349487,Sin nombre,-12.023045,-77.1085692,toilets
1966842216,CEBA Ceba - Coronel Portillo,-12.0269455,-77.0095779,school
1966842218,CEBA Ceba - Santa María,-11.9934636,-77.0149242,school
1966842219,CETPRO Adevic,-12.0128925,-76.9841796,college
1966842220,CETPRO Gastromundo Turismo Corporacion Cil,-12.02811,-77.01104,college
1966842222,CETPRO Jacqueline,-12.0297074,-77.0116055,college
1966842223,CETPRO Jorge Chavez,-12.02723,-77.00004,college
1966842224,CETPRO Lider Car,-11.999551,-77.0094551,college
1966842227,CETPRO Ofimtec,-12.02509,-77.00033,college
1966842228,CETPRO Profesional Computer,-11.9922224,-77.0106913,college
1966842230,CETPRO Sise,-12.00788,-77.00523,college
1966842232,CETPRO Walt Whitman,-11.9940528,-77.0101968,college
1966842244,Institución Educativa 0092 Alfred Nobel,-11.998544,-77.0071215,school
1966842246,Institución Educativa 0128 La Libertad,-12.0086,-76.99784,school
1966842273,Institución Educativa 121 Virgen De Fatima,-12.00197,-77.01857,school
1966842278,Institución Educativa Alexander Graham Bell,-11.98287,-77.01155,school
1966842279,Colegio Alfa,-12.00434,-77.00656,school
1966842280,Institución Educativa Amigos De Jesus,-12.00421,-77.00964,school
1966842281,Institución Educativa Angelo Patri De Zarate,-12.02722,-77.00329,school
1966842282,Institución Educativa Angelo Patri,-12.0096387,-76.9623006,school
1966842283,Institución Educativa Anglo Americano,-11.9881107,-77.0021901,school
1966842291,Colegio Anton Makarenko,-12.0041719,-77.0019938,school
1966842295,Institución Educativa Anyergel,-12.00665,-77.00078,school
1966842299,Institución Educativa Apostol Eusebio Menard,-11.9967349,-77.0113291,school
1966842304,Institución Educativa Apostol San Judas Tadeo,-12.003209,-77.0143927,school
1966842315,Institución Educativa Arca De Noe,-11.98189,-77.01799,school
1966842320,Institución Educativa Asambleas De Dios,-12.02426,-76.97266,school
1966842332,Institución Educativa Augusto Cardich,-11.99097,-77.00746,school
1966842335,Institución Educativa Bethel,-11.9996885,-77.0003998,school
1966842337,Institución Educativa Capitan Alipio Ponce Vasquez,-11.983062,-77.0149067,school
1966842339,Colegio Catolico San Juan,-12.0023829,-76.9999634,school
1966842340,Colegio Cayetano Heredia Sanchez,-12.0136623,-77.0036448,school
1966842341,Colegio Charles Darwin,-11.987149,-77.00605,school
1966842342,Institución Educativa Ciencias,-12.02185,-76.99814,school
1966842345,Institución Educativa Cristo Nazareno,-12.00009,-76.99692,school
1966842347,Institución Educativa Cristony,-11.9908792,-77.0114914,school
1966842349,Institución Educativa Diego Thomson,-12.0020796,-76.994887,school
1966842351,Colegio Divina Providencia,-12.0242697,-76.9865319,school
1966842352,Institución Educativa Divino Maestro,-12.0056623,-77.0003774,school
1966842353,Colegio Divino Niño Jesus,-12.0181541,-76.9846288,school
1966842354,Institución Educativa Divino Salvador,-12.0031135,-77.0133758,school
1966842355,Institución Educativa Divino Sembrador,-11.98829,-77.00289,school
1966842356,Institución Educativa El Americano De San Gabriel,-11.9892957,-76.99978,school
1966842358,Institución Educativa El Carmelo,-12.0119923,-77.0072658,school
1966842359,Institución Educativa El Pequeño Mundo De Maria,-12.0264012,-76.9956274,school
1966842361,Colegio El Rosal de María,-12.0073,-76.9986,school
1966842363,Colegio Emanuel,-12.0252091,-77.0086462,school
1966842367,Institución Educativa Flora Tristan,-12.00705,-77.01351,school
1966842368,Institución Educativa Gabriela Mistral,-12.0214,-77.00956,school
1966842370,Colegio Gustavo Adolfo Becquer,-12.0226176,-76.9909019,school
1966842372,Institución Educativa Hermes De Sophia,-11.999628,-77.0057108,school
1966842373,Institución Educativa Heroina Micaela Bastidas,-12.00376,-77.0032,school
1966842374,Institución Educativa Hijos De Maria Auxiliadora,-12.0040116,-76.9972539,school
1966842375,Institución Educativa Horizonte Del Saber,-12.0137855,-76.9967651,school
1966842376,Institución Educativa Hudson Taylor,-12.0223829,-76.9691099,school
1966842377,Colegio Humboldt,-12.02414,-76.98968,school
1966842380,Institución Educativa Inmaculado Corazon De Jesus,-12.01503,-77.00783,school
1966842381,Institución Educativa Inmaculado Corazon De Maria,-12.00698,-77.0158458,school
1966842382,Colegio Intelectus,-12.00209,-77.01453,school
1966842384,Institución Educativa James Bradley,-12.026417,-77.0025551,school
1966842388,Colegio Jean Leblanc,-11.9938292,-77.0158404,school
1966842391,Institución Educativa Jesus De Belen,-11.9897984,-77.0016463,school
1966842392,Institución Educativa Jesus El Amauta,-12.0178918,-77.0117239,school
1966842393,Institución Educativa Jesus El Buen Pastor,-12.0128637,-77.0027051,school
1966842394,Institución Educativa Johannes Kepler Ii,-12.0245495,-77.0042002,school
1966842398,Institución Educativa Juan Pablo Ii,-12.00404,-77.00211,school
1966842399,Institución Educativa Juan Rulfo,-12.0009,-76.99895,school
1966842401,Institución Educativa Juan Xxiii,-11.99977,-77.0069,school
1966842402,Colegio Juventud Cientifica,-12.005115,-77.0060868,school
1966842405,Institución Educativa Las Americas,-11.9933079,-77.0048948,school
1966842406,Institución Educativa Latinoamericano,-12.0167003,-77.0047479,school
1966842407,Institución Educativa Leonard Euler,-12.00246,-76.99361,school
1966842408,Institución Educativa Leonardo Da Vinci,-11.9889392,-77.0145157,school
1966842409,Colegio Libertadores de America,-11.9880857,-77.0108225,school
1966842410,Colegio Liceo San Antonio,-11.98639,-77.01485,school
1966842411,Institución Educativa Liscay Ii,-12.0121891,-76.9789373,school
1966842412,Institución Educativa Lord Thomas Cochrane,-12.0088731,-77.004906,school
1966842413,Colegio Los Angeles de Belen,-12.0123809,-76.9987895,school
1966842417,Institución Educativa Luz Y Verdad,-11.994219,-77.01574,school
1966842419,Institución Educativa Marcelino Champagnat,-12.0189388,-76.9855683,school
1966842421,Institución Educativa Maria Mazzarello,-12.0012359,-77.0154089,school
1966842422,Institución Educativa Maria Reyna Del Cielo,-12.0001379,-76.997645,school
1966842425,Institución Educativa Mariscal Sucre,-12.0066135,-76.9988292,school
1966842427,Colegio Master Ingenieros I,-12.0239075,-76.9851366,school
1966842428,Institución Educativa Master Ingenieros Ii,-12.0249152,-76.9824523,school
1966842429,Colegio Master Ingenieros,-12.0238735,-76.9836271,school
1966842430,Institución Educativa Mater Et Magistra,-11.99575,-77.00905,school
1966842431,Institución Educativa Mater Purissima,-12.03116,-77.01587,school
1966842432,Colegio Mayim Haiem,-12.02076,-77.0134,school
1966842434,Institución Educativa Mi Jardin Abc,-12.0082861,-77.008694,school
1966842439,Institución Educativa Mi Pequeño Mundo San Carlos,-11.9870515,-77.0049489,school
1966842441,Institución Educativa Mi Segundo Hogar,-11.9948219,-77.0155095,school
1966842447,Institución Educativa Micael,-12.0089848,-76.9948084,school
1966842448,Institución Educativa Milagrosa Nuestra Señora Del Carmen,-12.00819,-77.0066208,school
1966842450,Institución Educativa Milagroso Corazon De Jesus,-12.00269,-77.01843,school
1966842451,Colegio Milagroso San Benito,-12.015172,-77.0034347,school
1966842452,Colegio Monitor,-12.0121288,-77.0025721,school
1966842454,Institución Educativa Newton,-12.0238664,-76.9854033,school
1966842455,Colegio Niño Carmelo,-11.999653,-77.0144479,school
1966842457,Institución Educativa Niño Jesus De Santa Ana,-12.0114798,-77.0074925,school
1966842459,Institución Educativa Nuestra America,-12.01619,-76.99779,school
1966842461,Institución Educativa Nuestra Señora De Lourdes,-12.0023078,-77.0055527,school
1966842464,Institución Educativa Nuestra Señora De La Asuncion,-12.02093,-77.0011912,school
1966842465,Institución Educativa Nuestra Señora De La Inmaculada Concepcion,-11.9858814,-77.0043056,school
1966842466,Colegio Nuestra Señora de la Visitacion,-11.9799702,-77.0132654,school
1966842467,Institución Educativa Nuestra Señora Del Sagrado Corazon,-12.0074995,-77.0080307,school
1966842469,Institución Educativa Nuevo Pitagoras,-11.9957251,-77.0042102,school
1966842470,Colegio Pamer,-12.00126,-77.00811,school
1966842473,Institución Educativa Pitagoras,-11.99489,-77.0047853,school
1966842474,Institución Educativa Principe De Paz,-11.9886518,-77.0006508,school
1966842475,Institución Educativa Richard Feynman,-11.9998161,-77.0028769,school
1966842476,Institución Educativa Rios De Agua Viva,-12.02322,-76.99419,school
1966842477,Institución Educativa Rosa De Las Americas School,-12.010798,-76.9821902,school
1966842478,Institución Educativa Rosa De Las Americas,-12.0156797,-77.007601,school
1966842479,Institución Educativa San Andres,-12.0070203,-77.0126699,school
1966842480,Institución Educativa San Benito,-12.01704,-77.01001,school
1966842481,Institución Educativa San Columbano De Abad,-12.0179923,-77.0078953,school
1966842482,Institución Educativa San Francisco,-12.02459,-76.99425,school
1966842484,Colegio San Ignacio,-11.99207,-77.0139,school
1966842485,Colegio San Isidro labrador,-12.01371,-76.99099,school
1966842486,Institución Educativa San Jorge,-12.02449,-76.99816,school
1966842487,Institución Educativa San Jose I,-12.0250639,-76.9889201,school
1966842489,Institución Educativa San Juan Bautista,-12.0248072,-76.99215,school
1966842490,Institución Educativa San Juan Bosco,-11.9893038,-77.0139,school
1966842491,Institución Educativa San Juan De La Salle,-11.9995161,-77.0078225,school
1966842492,Institución Educativa San Luis Gonzaga,-12.0037938,-77.0044007,school
1966842493,Institución Educativa San Martin De Porras,-12.0217144,-76.9592924,school
1966842494,Institución Educativa San Miguel,-12.0187209,-76.9597267,school
1966842496,Institución Educativa San Pedro,-12.0159608,-77.0051027,school
1966842497,Institución Educativa San Roque De Campoy,-12.0191731,-76.9655043,school
1966842500,Institución Educativa Santa Cruz,-12.00196,-76.99984,school
1966842501,Colegio Santa Cuaresma,-12.0027882,-77.0065917,school
1966842503,Colegio Santa Justina de Padua,-12.01078,-77.0126,school
1966842504,Institución Educativa Santa Margarita De Jesus,-11.99177,-77.00363,school
1966842505,Institución Educativa Santa Maria De Cervello,-12.025232,-77.0063516,school
1966842506,Colegio Santa Mariana de Jesús,-12.0254664,-77.0024744,school
1966842507,Institución Educativa Santa Monica De Los Opalos,-11.9928767,-77.0067891,school
1966842509,Colegio Santa Rita del Carmen,-12.0228982,-76.9915906,school
1966842511,Institución Educativa Santiago Antunez De Mayolo,-12.01611,-76.98833,school
1966842512,Colegio Santiago Apostol,-11.9855892,-77.0158353,school
1966842513,Colegio Santisima Virgen de Chapi,-12.00791,-77.01628,school
1966842514,Colegio Santisimo Señor de los Milagros,-12.02666,-77.01606,school
1966842515,Institución Educativa Santo Domingo De Guzman,-12.0187621,-77.0102293,school
1966842516,Institución Educativa Santo Tomas De Aquino,-12.0127,-77.01197,school
1966842517,Colegio Sarita Colonia,-12.0161624,-77.0087639,school
1966842518,Colegio Sigma Uni,-12.0172678,-77.0106828,school
1966842520,Institución Educativa Sol Naciente,-12.0231136,-76.9934918,school
1966842522,Institución Educativa Sor Monica De Jesus,-12.0273399,-77.0115677,school
1966842524,Institución Educativa Sudamericano,-12.0205106,-76.9693146,school
1966842526,Institución Educativa Trilce San Juan,-12.0039213,-76.9988134,school
1966842528,Institución Educativa Colegio Privado Uni,-11.9958823,-77.0053956,school
1966842529,Institución Educativa Universal,-11.9949514,-77.0092556,school
1966842531,Colegio Venerado Niño Jesus de Praga,-12.0233342,-77.0073621,school
1966842533,Institución educativa inicial Virgen Dolores,-11.99309,-77.00314,kindergarten
1966842536,Colegio Virgen de la Asuncion,-12.02662,-76.99897,school
1966842538,Institución Educativa Virgen De La Candelaria,-12.0196262,-77.0114772,school
1966842539,ISP San Silvestre,-12.0296721,-77.0115902,college
1966842541,Institución educativa inicial 0071 Virgen Del Carmen,-12.0029009,-77.0104954,kindergarten
1966842549,Inicial Cuna - Jardín 83,-12.01861,-76.98565,kindergarten
1966842550,Inicial Cuna - Jardín Chiquigenios,-12.01733,-77.01329,kindergarten
1966842551,Institución educativa inicial El Milagro De Jesus,-12.0096502,-77.0097739,kindergarten
1966842553,Institución educativa inicial Niño De Praga,-12.022688,-76.9907546,kindergarten
1966842554,Institución educativa inicial Padre Carlos,-12.01579,-76.96293,kindergarten
1966842555,Inicial Cuna - Jardín Paraiso,-11.99076,-77.0128565,kindergarten
1966842556,Institución educativa inicial 00057 Pasitos De Jesus,-11.99352,-77.00265,kindergarten
1966842560,Institución educativa inicial 0037 Santa Rosa,-12.0257,-76.99763,kindergarten
1966842562,Institución educativa inicial 0051 Los Pastorcitos De Nuestra Señora De Fatima,-12.00595,-77.00965,kindergarten
1966842565,Institución educativa inicial 0063 Virgen De Lourdes,-11.9972339,-76.9960303,kindergarten
1966842567,Inicial Jardín 0101 Rayito de Luz,-12.03125,-77.0124323,kindergarten
1966842568,Institución educativa inicial 0115 08 William Dyer Ampudia,-12.0218182,-76.9782564,kindergarten
1966842569,Institución educativa inicial 0115 12 Flores De Lima,-12.00935,-77.00776,kindergarten
1966842570,Inicial Jardín 0115 16 Virgen del Carmen,-11.99104,-77.00926,kindergarten
1966842571,Institución educativa inicial 035 Isabel Flores De Oliva,-12.00082,-77.01207,kindergarten
1966842573,Institución educativa inicial Acuarela Baby' S,-12.0017,-76.99863,kindergarten
1966842574,Institución educativa inicial Angeles De La Paz,-11.9996039,-76.9984687,kindergarten
1966842575,Institución educativa inicial Arco Iris,-11.9953253,-77.0073456,kindergarten
1966842576,Institución educativa inicial Bill Gates,-12.01452,-77.00295,kindergarten
1966842577,Institución educativa inicial Crear,-12.02558,-76.99619,kindergarten
1966842578,Inicial Jardín Cristo Rey,-11.99226,-77.00816,kindergarten
1966842579,Inicial Jardín Divino Corazon de Jesus,-12.0223922,-77.0108625,kindergarten
1966842580,Inicial Jardín Estrellita de Belen,-12.00056,-76.99674,kindergarten
1966842589,Institución educativa inicial Estrellita De Jesus,-12.0129463,-76.9842811,kindergarten
1966842591,Institución educativa inicial Estudiantes Garcilaso,-12.0265777,-77.0058515,kindergarten
1966842592,Institución educativa inicial Forever Kids,-11.986593,-77.0121958,kindergarten
1966842593,Institución educativa inicial Franklin Roosvelt,-11.9880094,-77.0052,kindergarten
1966842594,Institución educativa inicial Hijos De Nuestra Señora De La Merced,-11.9994547,-77.0010204,kindergarten
1966842595,Institución educativa inicial Honores De Las Flores,-12.0188333,-77.0126505,kindergarten
1966842596,Institución educativa inicial Ingenieritos,-12.02371,-76.98443,kindergarten
1966842597,Institución educativa inicial Iniykusiriy,-11.9853651,-77.0036624,kindergarten
1966842598,Institución educativa inicial Jesus De Nazaret,-12.02518,-77.00248,kindergarten
1966842599,Institución educativa inicial Julio Ramon Ribeyro,-12.0013328,-76.9973869,kindergarten
1966842600,Institución educativa inicial La Sagrada Familia,-11.99566,-77.00856,kindergarten
1966842601,Institución educativa inicial Las Huellitas Del Saber,-12.00983,-77.00884,kindergarten
1966842603,Inicial Jardín Los Tres Pastorcitos de Belen,-12.00819,-77.01189,kindergarten
1966842604,Inicial Jardín Makarenkito,-12.00424,-77.00203,kindergarten
1966842605,Institución educativa inicial Mama Elsa,-12.01408,-76.96331,kindergarten
1966842606,Institución educativa inicial Martincito,-11.9856057,-77.0078467,kindergarten
1966842607,Institución educativa inicial Melanie Klein,-12.0240727,-77.00169,kindergarten
1966842608,Institución educativa inicial Mi Casita Feliz,-12.00123,-77.01303,kindergarten
1966842609,Institución educativa inicial Mi Gran Mundo,-12.0174922,-77.0075682,kindergarten
1966842610,Institución educativa inicial Mi Mundo Creativo,-12.0237091,-77.0003734,kindergarten
1966842611,Institución educativa inicial Mi Pequeño Universo,-12.0247527,-76.9993756,kindergarten
1966842612,Institución educativa inicial Miguel Angel Buonarroti,-12.010645,-76.9831552,kindergarten
1966842613,Inicial Jardín Mis Huellitas,-12.01725,-77.00269,kindergarten
1966842614,Inicial Jardín My Little Home,-12.0224,-77.00402,kindergarten
1966842615,Inicial Jardín Niño Dios de Pumarume,-12.02358,-76.98357,kindergarten
1966842616,Inicial Jardín Niños de la Inmaculada,-12.02919,-77.00759,kindergarten
1966842617,Institución educativa inicial Nuestra Señora Del Sagrado Corazonzito,-12.0074546,-77.0079916,kindergarten
1966842618,Institución educativa inicial Nuevo Horizonte,-12.01276,-76.9972,kindergarten
1966842619,Institución educativa inicial Rayitos Del Sol,-12.0174074,-77.0088905,kindergarten
1966842620,Institución educativa inicial Reggio Emilia,-12.01812,-77.00967,kindergarten
1966842621,Institución educativa inicial San Diego,-12.01801,-76.98664,kindergarten
1966842622,Institución educativa inicial Santa Monica,-12.01917,-76.98543,kindergarten
1966842623,Institución educativa inicial Santa Rosa De Lima,-12.0083261,-77.008784,kindergarten
1966842624,Institución educativa inicial Santa Teresita,-12.0256501,-76.9998056,kindergarten
1966842625,Institución educativa inicial Santa Ursulita,-12.0260261,-77.0038322,kindergarten
1966842626,Institución educativa inicial Santiago Alberione,-12.0136809,-76.9807263,kindergarten
1966842627,Institución educativa inicial Santisima Virgen Del Carmen,-12.0042092,-77.0062995,kindergarten
1966842628,Institución educativa inicial Semillitas En Accion,-12.0278,-77.00487,kindergarten
1966842629,Institución educativa inicial Virgen Maria Inmaculada,-11.9951602,-77.0001524,kindergarten
1966842631,Inicial Jardín Waldorf,-12.0199007,-76.9978767,kindergarten
1970170830,Inicial Jardín 88 Cristo Milagroso,-12.04241,-77.09204,kindergarten
1970170903,Inicial Jardín Mi Carrusel,-12.0448629,-77.0974573,kindergarten
2023937320,Iglesia Nuestra Señora Del Carmen,-12.0909506,-77.0806867,place_of_worship
2023937322,Parroquia Cristo Sacerdote,-12.080287,-77.092659,place_of_worship
2023937324,Parroquia El Divino Maestro,-12.0724429,-77.014242,place_of_worship
2023937328,Parroquia Jesús Nazareno,-12.0597359,-77.0721247,place_of_worship
2023937329,Parroquia Jesús Obrero,-12.109823,-77.016273,place_of_worship
2023937330,Parroquia Jesús Redentor,-12.076644,-77.104652,place_of_worship
2023937332,Parroquia La Inmaculada Concepción,-12.138326,-77.001106,place_of_worship
2023937333,Parroquia La Sagrada Familia,-12.0622129,-77.0087045,place_of_worship
2023937334,Parroquia La Santísima Trinidad,-12.0505452,-77.0643284,place_of_worship
2023937335,Parroquia La Virgen Medianera,-12.0378981,-77.0554388,place_of_worship
2023937340,Parroquia María Madre de Dios,-12.087688,-77.088211,place_of_worship
2023937341,"Parroquia María, Madre del Pueblo de Dios",-12.036425,-77.02153,place_of_worship
2023937345,Parroquia Nuestra Señora de Fátima- Unidad Vecinal,-12.051985,-77.080231,place_of_worship
2023937348,Parroquia Nuestra Señora de Guadalupe,-12.041529,-76.987663,place_of_worship
2023937357,Parroquia Nuestra Señora de Guía,-12.028424,-77.040497,place_of_worship
2023937370,Parroquia Nuestra Señora de la Alegria,-12.109162,-77.003998,place_of_worship
2023937384,Parroquia Nuestra Señora de la Caridad,-12.078582,-77.070999,place_of_worship
2023937389,Parroquia Nuestra Señora de la Evangelización,-12.1152891,-77.0008393,place_of_worship
2023937393,Parroquia Nuestra Señora de la Merced,-12.035774,-77.072952,place_of_worship
2023937414,Parroquia Nuestra Señora de los Ángeles,-12.0337542,-77.0248164,place_of_worship
2023937415,Parroquia Nuestra Señora del Buen Consejo,-12.0675496,-77.007973,place_of_worship
2023937417,Parroquia Nuestra Señora del Camino,-12.0638954,-76.9978843,place_of_worship
2023937422,Parroquia Nuestra Señora del Carmen - Miraflores,-12.1280424,-77.0222773,place_of_worship
2023937430,Parroquia Nuestra Señora del Perpetuo Socorro,-12.036713,-77.050491,place_of_worship
2023937452,Parroquia Sagrado Corazón de Jesús - Los Huérfanos,-12.0526778,-77.0315485,place_of_worship
2023937460,Parroquia San Antonio María Claret,-12.067545,-77.018364,place_of_worship
2023937469,Parroquia San Esteban,-12.021241,-77.031609,place_of_worship
2023937474,Parroquia San Felipe Apóstol,-12.0921676,-77.0485617,place_of_worship
2023937479,Parroquia San Francisco Solano,-12.030396,-77.029961,place_of_worship
2023937495,Parroquia San José Obrero,-12.143403,-77.016502,place_of_worship
2023937498,Parroquia San Juan Apóstol,-12.070037,-77.0716297,place_of_worship
2023937508,Parroquia San Juan Bautista de Amancaes,-12.0156304,-77.0286199,place_of_worship
2023937521,Parroquia San Judas Tadeo,-12.080292,-77.079613,place_of_worship
2023937526,Parroquia San Lazaro,-12.039614,-77.029266,place_of_worship
2023937530,Parroquia San Leopoldo,-12.095488,-76.981201,place_of_worship
2023937534,Parroquia San Lorenzo,-12.041535,-77.025639,place_of_worship
2023937538,Parroquia San Lucas,-12.070404,-77.057854,place_of_worship
2023937547,Parroquia San Miguel Arcángel,-12.070241,-77.093498,place_of_worship
2023937551,Parroquia San Norberto,-12.0853647,-77.018334,place_of_worship
2023937565,Parroquia San Pablo y Nuestra Señora del Carmen,-12.0608756,-77.0569097,place_of_worship
2023937582,Parroquia San Ricardo,-12.071222,-77.021835,place_of_worship
2023937600,Parroquia Santa Magdalena Sofía Barat,-12.0611367,-77.003184,place_of_worship
2023937605,Parroquia Santa María Madre de la Iglesia,-12.088354,-77.056,place_of_worship
2023937613,Parroquia Santa María Magdalena,-12.078152,-77.063301,place_of_worship
2023937617,Parroquia Santa María de los Ángeles,-12.1714899,-77.0061664,place_of_worship
2023937622,Parroquia Santa Mónica,-12.100424,-77.023842,place_of_worship
2023937642,Parroquia Santiago Apóstol - Cercado,-12.0498,-77.011902,place_of_worship
2023937655,Parroquia Virgen del Buen Remedio y San Pablo Apóstol,-12.064366,-77.075859,place_of_worship
2026696788,BBVA Banco Continental,-12.0653659,-77.0497431,bank
2038230238,Botica San Bartolome,-11.9836021,-77.0717483,pharmacy
2054044510,CEBA Andres Bello,-12.0521,-77.04249,school
2054044511,CEBA Ceba - Pronoepsa Portugal,-12.05777,-77.04747,school
2054044512,CEBA Guadalupe,-12.05734,-77.04219,school
2054044513,CEBA J.J. Rousseau,-12.06867,-77.04873,school
2054044514,CETPRO Amauta,-12.0532748,-77.0486952,college
2054044515,CETPRO Centro Folklorico del Magisterio,-12.0521429,-77.04604,college
2054044516,CETPRO Cicex Special English Institute,-12.0556974,-77.0422004,college
2054044517,CETPRO Intefor,-12.0577,-77.04204,college
2054044518,CETPRO María Auxiliadora,-12.0630738,-77.0443839,college
2054044519,CETPRO Promae Breña,-12.06591,-77.05769,college
2054044521,CETPRO Saturnino Lopez Novoa,-12.0607881,-77.0450951,college
2054044522,CETPRO Tecom,-12.0571,-77.04208,college
2054044523,CETPRO Virgen de los Milagros,-12.0548658,-77.0483495,college
2054044525,Institución Educativa 0002 Hermano Anselmo Maria,-12.05616,-77.0427,school
2054044529,Institución Educativa 1005 Jorge Chavez Dartnell,-12.05629,-77.04772,school
2054044530,Institución Educativa 1006 Mariscal Andres Avelino Caceres,-12.05571,-77.04462,school
2054044531,Institución Educativa 1008 Virgen De Lourdes,-12.0559267,-77.0470936,school
2054044532,Institución Educativa 1014 Rep. Oriental Del Uruguay,-12.0561636,-77.047949,school
2054044534,Institución Educativa 1019 Chavín,-12.05266,-77.04445,school
2054044535,Institución Educativa Albert Einstein - Breña,-12.0563431,-77.0450353,school
2054044538,Colegio Angelus Dei,-12.06295,-77.0488,school
2054044539,Institución Educativa Cristo Rey,-12.05881,-77.04334,school
2054044542,Colegio El Jardin de las Sonrisas,-12.05819,-77.04348,school
2054044543,Institución Educativa España,-12.0583567,-77.0435012,school
2054044544,Colegio Fedor Dostoievsky,-12.06261,-77.05039,school
2054044545,Colegio Francisco de Zela,-12.06504,-77.05365,school
2054044547,Institución Educativa Hans Christian Andersen,-12.0566943,-77.0456049,school
2054044548,Institución Educativa Hermano Noe Zevallos Ortega,-12.0596164,-77.0482087,school
2054044549,Institución Educativa Honores De Breña,-12.0564818,-77.0470673,school
2054044550,Institución Educativa Honores,-12.0564,-77.04545,school
2054044551,Colegio Ingenieria de Breña,-12.0641246,-77.059766,school
2054044554,Colegio La Merced de Breña,-12.06108,-77.04893,school
2054044555,Colegio La Sagrada Familia de Breña,-12.054024,-77.0482766,school
2054044557,Institución Educativa Los Santos Apostoles,-12.0557991,-77.0525319,school
2054044558,Institución Educativa Luz Casanova,-12.06021,-77.05701,school
2054044566,Colegio María de la Merced,-12.0535136,-77.0443737,school
2054044569,Institución Educativa Maria De La Providencia,-12.060328,-77.0558977,school
2054044571,Institución Educativa Mi Primer Paso,-12.0676113,-77.0527318,school
2054044573,Colegio Mis Años Inolvidables,-12.06501,-77.05017,school
2054044574,Institución Educativa Niño Jesus De Praga,-12.06348,-77.04682,school
2054044578,Institución Educativa San Francisco Javier,-12.0559185,-77.0515627,school
2054044581,Institución Educativa San Juan Masias,-12.05596,-77.05079,school
2054044582,Institución Educativa Santa Maria De Breña,-12.06975,-77.05008,school
2054044583,Institución Educativa Santisimo Señor De Luren,-12.0660311,-77.0527011,school
2054044585,Institución Educativa Trece De Mayo,-12.05244,-77.05009,school
2054044586,Institución Educativa Trilce De Breña,-12.05089,-77.04318,school
2054044587,Institución Educativa Virgen Maria,-12.05642,-77.04567,school
2054044589,ISP San Juan Bosco,-12.0521504,-77.0424862,college
2054044591,IST Eseful,-12.0562979,-77.053112,college
2054044592,Virginia Henderson,-12.0563868,-77.0454279,school
2054044593,Institución educativa inicial 115 Instituto De Salud Del Niño,-12.0656529,-77.0463038,kindergarten
2054044594,Institución educativa inicial Casa Belen,-12.0627825,-77.0537,kindergarten
2054044595,Institución educativa inicial Jhon Rockefeller,-12.05126,-77.05086,kindergarten
2054044596,Inicial Cuna - Jardín Mundo Azul,-12.05237,-77.05227,kindergarten
2054044597,Institución educativa inicial San Francisco De Asis,-12.0573571,-77.0484991,kindergarten
2054044599,Institución educativa inicial 02 Mundo De Colores,-12.05172,-77.04821,kindergarten
2054044601,Institución educativa inicial 075 Santa Maria De Guadalupe,-12.0527808,-77.0534242,kindergarten
2054044602,Inicial Jardín Divino Niño Jesus II de Breña,-12.0524069,-77.0446494,kindergarten
2054044603,Institución educativa inicial Divino Niño Jesus De Breña,-12.06181,-77.05791,kindergarten
2054044604,Institución educativa inicial El Hogar Del Niño,-12.0641687,-77.0585678,kindergarten
2054044605,Institución educativa inicial El Mundo De Los Niños Felices,-12.06469,-77.05792,kindergarten
2054044606,Institución educativa inicial El Principito,-12.05768,-77.05308,kindergarten
2054044607,Institución educativa inicial Evelyn Y Martin,-12.05146,-77.05227,kindergarten
2054044609,Institución educativa inicial Jesucito De Breña,-12.0614548,-77.0558153,kindergarten
2054044610,Institución educativa inicial Mi Pequeña Casita,-12.0656102,-77.0560947,kindergarten
2054044611,Institución educativa inicial Mi Primer Camino,-12.0643204,-77.0578,kindergarten
2054044612,Institución educativa inicial Mi Sagradita Familia,-12.051197,-77.0466175,kindergarten
2054044613,Inicial Jardín San Constantino,-12.05984,-77.05137,kindergarten
2054044614,Institución educativa inicial Santa Maria,-12.05922,-77.05737,kindergarten
2054044615,Institución educativa inicial Santo Domingo Savio,-12.06375,-77.04771,kindergarten
2054044616,Institución educativa inicial Semillitas Del Saber,-12.05747,-77.0578046,kindergarten
2054044617,Inicial Jardín Victor Raul Haya de la Torre,-12.05269,-77.05125,kindergarten
2054044618,Institución educativa inicial World Kid's Kindergarten,-12.05987,-77.0529636,kindergarten
2054044619,Inicial Jardín Mis Primeros Pasos I,-12.0643037,-77.0579985,kindergarten
2054044620,PRONOEI Inicial Jardín Pequeñas Huellitas I,-12.0627708,-77.0559137,kindergarten
2059768480,CEBA Ceba - Gamor,-12.07486,-77.05383,school
2059768481,CETPRO Ada Luz,-12.08141,-77.05923,college
2059768485,CETPRO Quechcan Paalla,-12.06947,-77.05954,college
2059768499,CETPRO San Francisco de Asis,-12.07691,-77.07142,college
2059768532,Colegio 1076 Rabindranath Tagore,-12.07602,-77.0777,school
2059768541,Institución Educativa A. S. Neill Summerhill,-12.06777,-77.06236,school
2059768553,Institución Educativa Abraham Valdelomar,-12.0724726,-77.0598771,school
2059768574,Institución Educativa De Maria,-12.0682059,-77.0622971,school
2059768589,Colegio Perpetuo Socorro,-12.0802085,-77.0584658,school
2059768590,Institución Educativa Raymond Clark,-12.0773153,-77.055976,school
2059768592,Institución Educativa San Lucas,-12.0711447,-77.060187,school
2059768595,Colegio Sor Ana de los Angeles Monteagudo,-12.07138,-77.05095,school
2059768598,Colegio Virgen del Buen Paso,-12.06912,-77.0742,school
2059768599,Colegio Virgen del Carmen,-12.0822329,-77.0660855,school
2059768601,IST Instituto Peruano de Administracion de Empresas - IPAE,-12.0768349,-77.079324,college
2059768603,Peru Pacifico,-12.0720891,-77.0516917,school
2059768604,Seminario Biblico Andino,-12.06931,-77.0531286,school
2059768606,Institución educativa inicial Mis Pasitos,-12.0708383,-77.0555813,kindergarten
2059768608,Institución educativa inicial Pekemundo,-12.06982,-77.06658,kindergarten
2059768610,Institución educativa inicial 04 Niño Jesus De Praga,-12.0713724,-77.0533525,kindergarten
2059768612,Institución educativa inicial 58 Arco Iris,-12.069133,-77.0755091,kindergarten
2059768614,Inicial Jardín Capullitos de Jesus,-12.07934,-77.06017,kindergarten
2059768616,Institución educativa inicial Caritas Felices,-12.06814,-77.05922,kindergarten
2059768619,Inicial Jardín Colorines,-12.06785,-77.06567,kindergarten
2059768627,Inicial Jardín La Casita de Jessi,-12.06903,-77.05519,kindergarten
2059768630,Institución educativa inicial Los Querubines,-12.0697846,-77.0624929,kindergarten
2059768632,Inicial Jardín Mi Mundo de Colores,-12.0772362,-77.0576784,kindergarten
2059768633,Institución educativa inicial Nido Recreo,-12.07993,-77.05803,kindergarten
2059768638,Institución educativa inicial Santa Rita,-12.07592,-77.06577,kindergarten
2059768643,PRONOEI Inicial Jardín Divino Jesus,-12.0744576,-77.0621368,kindergarten
2068560752,CETPRO Campus Ams,-12.0820821,-77.0526549,college
2068560757,CETPRO Clinica del Pie - Jevial,-12.0830939,-77.0515367,college
2068560783,CETPRO Mundo Libre,-12.0720175,-77.0397824,college
2068560785,CETPRO Negocios y Ocup. en Varieds. Alimt,-12.07572,-77.04191,college
2068560788,CETPRO Peruano Japones,-12.0878213,-77.0555279,college
2068560792,CETPRO Sembrando Valores,-12.07608,-77.04065,college
2068560797,Colegio Albert Einstein Jesús María,-12.0702948,-77.0478359,school
2068560799,Colegio Benjamin Franklin,-12.07593,-77.04146,school
2068560801,Colegio Brasil,-12.0811292,-77.0584338,school
2068560802,Institución Educativa Peruano Americano Clinton Rodham,-12.081111,-77.0541973,school
2068560804,Institución Educativa Cooperativo San Felipe,-12.0887162,-77.0562002,school
2068560807,Institución Educativa Corazon De Jesus,-12.0704123,-77.0441171,school
2068560808,Institución Educativa Diego Ferre,-12.06939,-77.0471293,school
2068560816,Colegio Isaac Newton de Jesús María,-12.08102,-77.05818,school
2068560817,Institución Educativa Jean Piaget,-12.0703743,-77.0390922,school
2068560819,Institución Educativa Joseph And Mery High School,-12.0657417,-77.0441976,school
2068560820,Institución Educativa Joseph And Mery School,-12.06768,-77.04445,school
2068560825,Institución Educativa Pamer,-12.06972,-77.03865,school
2068560828,Colegio Saco Oliveros de Jesús María,-12.0721968,-77.0418205,school
2068560835,Institución Educativa San Antonio De Padua,-12.0848,-77.05855,school
2068560839,Colegio Santa Erika,-12.0756462,-77.0508227,school
2068560840,Institución Educativa Santa Maria De Fatima,-12.07194,-77.04972,school
2068560843,Colegio Santa Rita de Casia,-12.07408,-77.05264,school
2068560850,Institución educativa inicial Dominguito Savio Minsa,-12.0715836,-77.0392941,kindergarten
2068560853,Institución educativa inicial Kinder Creativ,-12.0768349,-77.0453794,kindergarten
2068560857,Institución educativa inicial Ricardo Palma,-12.07678,-77.0474,kindergarten
2068560859,Institución educativa inicial Santa Mercedes,-12.0710721,-77.0442869,kindergarten
2068560860,Inicial Cuna - Jardín Virgen de Loreto,-12.0914,-77.05536,kindergarten
2068560861,Institución educativa inicial Del Ministerio De Agricultura,-12.0794148,-77.0441481,kindergarten
2068560863,Inicial Jardín 90,-12.08728,-77.05213,kindergarten
2068560870,Institución educativa inicial Crayolas,-12.07797,-77.04386,kindergarten
2068560873,Inicial Jardín Jose María de Gracia,-12.07632,-77.03903,kindergarten
2068560880,Institución educativa inicial San Antonio De Padua,-12.0844559,-77.0505077,kindergarten
2068560881,Institución educativa inicial Santa Maria De La Gracia,-12.0769737,-77.0441602,kindergarten
2090582854,CEBA Ceba - Francisco de Paula Gonzales Vigil,-12.08363,-77.03354,school
2090582855,CEBA Ceba - Metropolitano,-12.0853328,-77.030534,school
2090582857,CETPRO Acevedo'S Joyeria Fina,-12.08673,-77.03365,college
2090582858,CETPRO Art Nouveau,-12.08919,-77.03276,college
2090582860,CETPRO Christopher Columbus,-12.080636,-77.0352099,college
2090582861,CETPRO Computron Tech,-12.08005,-77.03404,college
2090582862,CETPRO Escuela Peruana de Cosmiatria Integral Brillant,-12.08336,-77.04567,college
2090582863,CETPRO Escuelas Intefor Fashion,-12.08481,-77.03456,college
2090582864,Centro de Estudios Idiomas del Mundo,-12.0896152,-77.0339338,language_school
2090582866,CETPRO International High School Of Computer Enterprise Iicer,-12.0852774,-77.0330315,college
2090582867,CETPRO International Study Group,-12.0885791,-77.0356598,college
2090582874,Institución Educativa Albert Einstein,-12.0811567,-77.0370927,school
2090582876,Institución Educativa Alborada,-12.0822521,-77.0340892,school
2090582877,Institución Educativa Aplicacion San Marcos,-12.0830568,-77.0421147,school
2090582879,Institución Educativa Christa Mc Auliffe,-12.08366,-77.04577,school
2090582882,Colegio Gimnasio Peruano,-12.0798755,-77.03336,school
2090582883,Institución Educativa Gotita De Cielo,-12.087569,-77.0421124,school
2090582884,Institución Educativa Jesualdo,-12.08363,-77.04633,school
2090582885,Colegio Los Angeles,-12.08408,-77.03943,school
2090582886,Institución Educativa Maria Reina De La Paz,-12.0907126,-77.0382069,school
2090582887,Institución Educativa Mi Hogar Y Escuela,-12.0842561,-77.043839,school
2090582888,Institución Educativa Micaela Bastidas De Condorcanqui,-12.0864073,-77.042298,school
2090582889,Colegio Nuestra Virgen del Divino Corazon,-12.08495,-77.04354,school
2090582890,Institución Educativa Pamer - Lince,-12.08778,-77.03328,school
2090582892,Institución Educativa Saco Oliveros De Lince,-12.08139,-77.03829,school
2090582893,Institución Educativa San Tarcisio,-12.0844485,-77.0443251,school
2090582896,Institución Educativa Sor Ines,-12.0815587,-77.0370197,school
2090582900,Institución educativa inicial Angeles De Dios,-12.08905,-77.02764,kindergarten
2090582901,Institución educativa inicial Arco Iris,-12.0889889,-77.0455593,kindergarten
2090582902,Institución educativa inicial El Principito,-12.08344,-77.02688,kindergarten
2090582904,Institución educativa inicial Los Conejitos,-12.0877861,-77.0276473,kindergarten
2090582905,Institución educativa inicial Mi Kukuli,-12.08363,-77.04227,kindergarten
2090582906,Institución educativa inicial My Sweet Home,-12.08497,-77.04328,kindergarten
2099768062,Starbucks,-12.0905242,-76.9501515,cafe
2099768092,Cineplanet,-12.0912522,-76.9502456,cinema
2106189849,Mediterráneo,-12.0914031,-76.9529962,fast_food
2122804674,Cholas Bravas,-12.0882231,-77.0705672,community_centre
2162920167,Club Germania,-12.129954,-76.9991474,parking
2169447291,Centro de Idiomas de la PUCP,-12.0788594,-77.0811166,language_school
2169475486,Universidad San Ignacio de Loyola Campus 1,-12.0728108,-76.9538629,university
2169513303,Restaurante Huaca Pucllana,-12.1110571,-77.0330386,restaurant
2169907348,Bembos,-12.1285077,-77.0298302,fast_food
2170092982,Tanta,-12.0764162,-77.0828773,restaurant
2172999993,La Romana,-12.0786989,-77.0648851,restaurant
2173006557,Institución Educativa La Cruz De Oro,-12.1075224,-76.9952306,school
2176685674,Centro Parroquial Carmelitas,-12.1288148,-77.0226149,place_of_worship
2176740211,Cafe Colombia,-12.1239985,-77.0273223,restaurant
2187492143,Cinemark,-12.0764717,-77.0885699,cinema
2249046655,La Melona,-12.1018796,-77.0159813,fast_food
2256264234,La Bistecca,-12.1066156,-77.037313,restaurant
2256265414,Estacionamiento Vivanda,-12.103642,-77.0376331,parking
2256265600,Estacionamiento publico,-12.1033221,-77.0378278,parking
2258342990,"Chicharroneria ""Rodri""",-12.1166413,-77.0226891,restaurant
2261936442,Arlotia,-12.1481755,-77.0211407,restaurant
2277926393,Heladeria Ica,-12.0310375,-77.0895469,cafe
2279898348,Defino Mar,-12.12346,-77.0367788,restaurant
2279901516,Rafael Osterling,-12.125309,-77.0313663,restaurant
2279912459,ámaZ,-12.1287093,-77.026562,restaurant
2279947626,DonDoh,-12.1061156,-77.0370123,restaurant
2279952714,Punta Sal,-12.1060686,-77.0373365,restaurant
2279958712,D tinto y Bife,-12.102637,-77.0366497,restaurant
2279960199,Long Horn,-12.1010376,-77.0374415,restaurant
2279964904,Tanta,-12.0968653,-77.0351911,restaurant
2279973211,Aromas Peruanos,-12.0990895,-77.0130412,restaurant
2279976203,Saqra,-12.0476303,-77.0677288,restaurant
2281529622,Serpost,-12.0305952,-77.090743,post_office
2281655376,Parroquia Santa Cruz,-12.0324292,-77.0864099,place_of_worship
2282724152,Heladeria Ugo's Factory,-12.0943707,-77.0717824,cafe
2283390552,Cevicheria La Bahia Secreta,-12.0659562,-76.9644619,restaurant
